Census Tract,Value,Total,Income in the past 12 months below poverty level,Married-couple family below poverty,Married-couple family below poverty: 2 people,Married-couple family below poverty: 3 to 4 people,Married-couple family below poverty: 5 to 6 people,Married-couple family below poverty: 7 or more people,Other families below poverty,"Male householder, no spouse present below poverty",Male householder below poverty: 2 people,Male householder below poverty: 3 to 4 people,Male householder below poverty: 5 to 6 people,Male householder below poverty: 7 or more people,"Female householder, no spouse present below poverty",Female householder below poverty: 2 people,Female householder below poverty: 3 to 4 people,Female householder below poverty: 5 to 6 people,Female householder below poverty: 7 or more people,Income in the past 12 months at or above poverty level,Married-couple family above poverty,Married-couple family above poverty: 2 people,Married-couple family above poverty: 3 to 4 people,Married-couple family above poverty: 5 to 6 people,Married-couple family above poverty: 7 or more people,Other families above poverty,"Male householder, no spouse present above poverty",Male householder above poverty: 2 people,Male householder above poverty: 3 to 4 people,Male householder above poverty: 5 to 6 people,Male householder above poverty: 7 or more people,"Female householder, no spouse present above poverty",Female householder above poverty: 2 people,Female householder above poverty: 3 to 4 people,Female householder above poverty: 5 to 6 people,Female householder above poverty: 7 or more people
1.01,Estimate,191,0,0,0,0,0,0,0,0,0,0,0,0,0,0,0,0,0,191,166,35,89,42,0,25,0,0,0,0,0,25,13,12,0,0
1.01,Margin of Error,61,13,13,13,13,13,13,13,13,13,13,13,13,13,13,13,13,13,61,55,29,51,48,13,30,13,13,13,13,13,30,22,21,13,13
1.02,Estimate,611,83,0,0,0,0,0,83,4,0,4,0,0,79,12,67,0,0,528,450,204,211,35,0,78,20,20,0,0,0,58,58,0,0,0
1.02,Margin of Error,130,57,13,13,13,13,13,57,15,13,15,13,13,56,20,56,13,13,121,115,119,84,34,13,63,25,25,13,13,13,60,60,13,13,13
2.01,Estimate,682,79,79,7,0,0,72,0,0,0,0,0,0,0,0,0,0,0,603,478,237,185,44,12,125,62,0,62,0,0,63,51,12,0,0
2.01,Margin of Error,159,101,101,12,13,13,99,13,13,13,13,13,13,13,13,13,13,13,140,130,118,66,34,20,97,95,13,95,13,13,45,40,17,13,13
2.02,Estimate,723,149,44,2,24,6,12,105,0,0,0,0,0,105,41,64,0,0,574,375,111,225,39,0,199,18,10,8,0,0,181,90,91,0,0
2.02,Margin of Error,141,75,47,7,35,20,19,67,13,13,13,13,13,67,38,62,13,13,148,118,49,106,48,13,96,19,16,15,13,13,89,72,62,13,13
3.01,Estimate,379,18,18,18,0,0,0,0,0,0,0,0,0,0,0,0,0,0,361,225,122,78,25,0,136,7,0,7,0,0,129,129,0,0,0
3.01,Margin of Error,145,27,27,27,13,13,13,13,13,13,13,13,13,13,13,13,13,13,138,80,63,49,17,13,124,11,13,11,13,13,123,123,13,13,13
3.02,Estimate,762,0,0,0,0,0,0,0,0,0,0,0,0,0,0,0,0,0,762,568,336,232,0,0,194,91,76,15,0,0,103,67,10,26,0
3.02,Margin of Error,230,13,13,13,13,13,13,13,13,13,13,13,13,13,13,13,13,13,230,242,234,61,13,13,85,56,52,17,13,13,70,49,16,43,13
4.01,Estimate,785,121,121,121,0,0,0,0,0,0,0,0,0,0,0,0,0,0,664,554,519,0,35,0,110,66,49,17,0,0,44,37,7,0,0
4.01,Margin of Error,185,92,92,92,19,19,19,19,19,19,19,19,19,19,19,19,19,19,175,162,160,19,42,19,99,84,80,27,19,19,40,39,11,19,19
4.02,Estimate,506,8,8,8,0,0,0,0,0,0,0,0,0,0,0,0,0,0,498,411,196,84,101,30,87,38,8,25,0,5,49,49,0,0,0
4.02,Margin of Error,153,11,11,11,13,13,13,13,13,13,13,13,13,13,13,13,13,13,150,144,82,43,121,12,64,37,14,34,13,7,50,50,13,13,13
5.02,Estimate,356,48,48,28,20,0,0,0,0,0,0,0,0,0,0,0,0,0,308,262,201,61,0,0,46,0,0,0,0,0,46,37,9,0,0
5.02,Margin of Error,81,42,42,27,31,19,19,19,19,19,19,19,19,19,19,19,19,19,71,68,64,32,19,19,36,19,19,19,19,19,36,33,14,19,19
5.03,Estimate,273,16,10,10,0,0,0,6,6,6,0,0,0,0,0,0,0,0,257,257,187,70,0,0,0,0,0,0,0,0,0,0,0,0,0
5.03,Margin of Error,95,14,15,15,13,13,13,9,9,9,13,13,13,13,13,13,13,13,93,93,68,64,13,13,13,13,13,13,13,13,13,13,13,13,13
5.05,Estimate,294,71,71,71,0,0,0,0,0,0,0,0,0,0,0,0,0,0,223,178,143,35,0,0,45,9,9,0,0,0,36,36,0,0,0
5.05,Margin of Error,106,71,71,71,13,13,13,13,13,13,13,13,13,13,13,13,13,13,107,83,82,7,13,13,59,13,13,13,13,13,58,58,13,13,13
5.06,Estimate,293,0,0,0,0,0,0,0,0,0,0,0,0,0,0,0,0,0,293,266,197,69,0,0,27,0,0,0,0,0,27,27,0,0,0
5.06,Margin of Error,120,13,13,13,13,13,13,13,13,13,13,13,13,13,13,13,13,13,120,108,103,39,13,13,35,13,13,13,13,13,35,35,13,13,13
6.01,Estimate,529,32,25,25,0,0,0,7,0,0,0,0,0,7,0,7,0,0,497,353,192,89,72,0,144,70,23,47,0,0,74,45,8,0,21
6.01,Margin of Error,88,30,28,28,13,13,13,12,13,13,13,13,13,12,13,12,13,13,97,89,65,57,57,13,62,49,24,43,13,13,42,37,13,13,26
6.03,Estimate,351,168,73,73,0,0,0,95,0,0,0,0,0,95,0,39,56,0,183,138,123,15,0,0,45,16,16,0,0,0,29,29,0,0,0
6.03,Margin of Error,141,108,67,67,13,13,13,85,13,13,13,13,13,85,13,30,83,13,104,93,76,32,13,13,43,31,31,13,13,13,38,38,13,13,13
6.04,Estimate,334,85,81,55,26,0,0,4,0,0,0,0,0,4,0,4,0,0,249,235,114,121,0,0,14,0,0,0,0,0,14,14,0,0,0
6.04,Margin of Error,156,95,92,83,43,13,13,20,13,13,13,13,13,20,13,20,13,13,145,140,87,104,13,13,21,13,13,13,13,13,21,21,13,13,13
7.01,Estimate,503,17,0,0,0,0,0,17,17,0,17,0,0,0,0,0,0,0,486,347,331,14,2,0,139,120,105,15,0,0,19,19,0,0,0
7.01,Margin of Error,167,22,13,13,13,13,13,22,22,13,22,13,13,13,13,13,13,13,164,140,142,22,14,13,110,106,104,22,13,13,28,28,13,13,13
7.03,Estimate,88,14,14,14,0,0,0,0,0,0,0,0,0,0,0,0,0,0,74,47,47,0,0,0,27,27,27,0,0,0,0,0,0,0,0
7.03,Margin of Error,50,23,23,23,13,13,13,13,13,13,13,13,13,13,13,13,13,13,45,30,30,13,13,13,32,32,32,13,13,13,13,13,13,13,13
7.04,Estimate,605,35,35,20,15,0,0,0,0,0,0,0,0,0,0,0,0,0,570,278,278,0,0,0,292,47,11,0,36,0,245,204,41,0,0
7.04,Margin of Error,221,40,40,31,24,13,13,13,13,13,13,13,13,13,13,13,13,13,218,129,129,13,13,13,183,65,17,13,62,13,171,164,57,13,13
8.04,Estimate,543,25,0,0,0,0,0,25,0,0,0,0,0,25,25,0,0,0,518,335,218,61,38,18,183,18,18,0,0,0,165,37,128,0,0
8.04,Margin of Error,186,41,13,13,13,13,13,41,13,13,13,13,13,41,41,13,13,13,184,113,93,57,30,50,154,28,28,13,13,13,152,52,143,13,13
8.05,Estimate,280,51,16,0,0,16,0,35,0,0,0,0,0,35,0,35,0,0,229,165,165,0,0,0,64,26,26,0,0,0,38,38,0,0,0
8.05,Margin of Error,126,57,22,13,13,22,13,53,13,13,13,13,13,53,13,53,13,13,110,99,99,13,13,13,52,47,47,13,13,13,39,39,13,13,13
8.06,Estimate,133,10,10,4,6,0,0,0,0,0,0,0,0,0,0,0,0,0,123,123,112,6,5,0,0,0,0,0,0,0,0,0,0,0,0
8.06,Margin of Error,82,11,11,6,9,13,13,13,13,13,13,13,13,13,13,13,13,13,81,81,82,10,8,13,13,13,13,13,13,13,13,13,13,13,13
8.07,Estimate,0,0,0,0,0,0,0,0,0,0,0,0,0,0,0,0,0,0,0,0,0,0,0,0,0,0,0,0,0,0,0,0,0,0,0
8.07,Margin of Error,13,13,13,13,13,13,13,13,13,13,13,13,13,13,13,13,13,13,13,13,13,13,13,13,13,13,13,13,13,13,13,13,13,13,13
101.03,Estimate,84,0,0,0,0,0,0,0,0,0,0,0,0,0,0,0,0,0,84,84,84,0,0,0,0,0,0,0,0,0,0,0,0,0,0
101.03,Margin of Error,37,13,13,13,13,13,13,13,13,13,13,13,13,13,13,13,13,13,37,37,37,13,13,13,13,13,13,13,13,13,13,13,13,13,13
101.04,Estimate,368,12,0,0,0,0,0,12,0,0,0,0,0,12,12,0,0,0,356,297,218,79,0,0,59,29,29,0,0,0,30,30,0,0,0
101.04,Margin of Error,111,18,13,13,13,13,13,18,13,13,13,13,13,18,18,13,13,13,113,101,93,50,13,13,49,38,38,13,13,13,31,31,13,13,13
102.04,Estimate,111,12,12,12,0,0,0,0,0,0,0,0,0,0,0,0,0,0,99,94,83,11,0,0,5,0,0,0,0,0,5,5,0,0,0
102.04,Margin of Error,48,19,19,19,13,13,13,13,13,13,13,13,13,13,13,13,13,13,40,39,35,15,13,13,8,13,13,13,13,13,8,8,13,13,13
102.05,Estimate,564,66,41,0,0,41,0,25,17,17,0,0,0,8,8,0,0,0,498,468,384,84,0,0,30,30,30,0,0,0,0,0,0,0,0
102.05,Margin of Error,208,71,66,13,13,66,13,25,21,21,13,13,13,13,13,13,13,13,190,178,149,72,13,13,46,46,46,13,13,13,13,13,13,13,13
102.06,Estimate,243,0,0,0,0,0,0,0,0,0,0,0,0,0,0,0,0,0,243,105,72,33,0,0,138,138,138,0,0,0,0,0,0,0,0
102.06,Margin of Error,222,13,13,13,13,13,13,13,13,13,13,13,13,13,13,13,13,13,222,92,73,52,13,13,209,209,209,13,13,13,13,13,13,13,13
103,Estimate,44,0,0,0,0,0,0,0,0,0,0,0,0,0,0,0,0,0,44,44,33,11,0,0,0,0,0,0,0,0,0,0,0,0,0
103,Margin of Error,26,19,19,19,19,19,19,19,19,19,19,19,19,19,19,19,19,19,26,26,22,15,19,19,19,19,19,19,19,19,19,19,19,19,19
104.03,Estimate,285,51,0,0,0,0,0,51,0,0,0,0,0,51,10,41,0,0,234,206,162,44,0,0,28,0,0,0,0,0,28,28,0,0,0
104.03,Margin of Error,91,68,13,13,13,13,13,68,13,13,13,13,13,68,17,67,13,13,80,73,67,26,13,13,31,13,13,13,13,13,31,31,13,13,13
104.04,Estimate,223,52,36,36,0,0,0,16,0,0,0,0,0,16,16,0,0,0,171,95,71,18,6,0,76,23,23,0,0,0,53,23,30,0,0
104.04,Margin of Error,83,35,30,30,13,13,13,18,13,13,13,13,13,18,18,13,13,13,75,48,46,20,5,13,58,23,23,13,13,13,52,22,45,13,13
104.05,Estimate,187,20,10,10,0,0,0,10,0,0,0,0,0,10,5,5,0,0,167,39,31,8,0,0,128,29,14,15,0,0,99,24,62,13,0
104.05,Margin of Error,94,14,8,8,19,19,19,10,19,19,19,19,19,10,7,7,19,19,93,21,19,11,19,19,90,24,18,19,19,19,87,20,83,20,19
104.08,Estimate,97,6,6,6,0,0,0,0,0,0,0,0,0,0,0,0,0,0,91,63,51,5,7,0,28,4,4,0,0,0,24,23,1,0,0
104.08,Margin of Error,32,10,10,10,13,13,13,13,13,13,13,13,13,13,13,13,13,13,31,25,21,8,14,13,20,6,6,13,13,13,18,19,6,13,13
105,Estimate,311,69,50,40,10,0,0,19,7,7,0,0,0,12,12,0,0,0,242,145,87,58,0,0,97,5,5,0,0,0,92,33,59,0,0
105,Margin of Error,80,31,28,24,15,13,13,18,11,11,13,13,13,13,13,13,13,13,71,72,50,48,13,13,43,8,8,13,13,13,42,37,44,13,13
106,Estimate,639,79,0,0,0,0,0,79,0,0,0,0,0,79,79,0,0,0,560,465,390,75,0,0,95,12,12,0,0,0,83,71,12,0,0
106,Margin of Error,167,88,13,13,13,13,13,88,13,13,13,13,13,88,88,13,13,13,155,134,111,64,13,13,74,23,23,13,13,13,70,67,20,13,13
107.01,Estimate,333,0,0,0,0,0,0,0,0,0,0,0,0,0,0,0,0,0,333,292,237,46,9,0,41,14,14,0,0,0,27,7,20,0,0
107.01,Margin of Error,79,13,13,13,13,13,13,13,13,13,13,13,13,13,13,13,13,13,79,80,73,33,14,13,24,21,21,13,13,13,15,9,13,13,13
107.02,Estimate,537,0,0,0,0,0,0,0,0,0,0,0,0,0,0,0,0,0,537,509,380,111,18,0,28,0,0,0,0,0,28,17,11,0,0
107.02,Margin of Error,109,13,13,13,13,13,13,13,13,13,13,13,13,13,13,13,13,13,109,105,109,48,10,13,26,13,13,13,13,13,26,19,18,13,13
108.01,Estimate,465,0,0,0,0,0,0,0,0,0,0,0,0,0,0,0,0,0,465,427,319,84,24,0,38,15,15,0,0,0,23,0,23,0,0
108.01,Margin of Error,112,13,13,13,13,13,13,13,13,13,13,13,13,13,13,13,13,13,112,111,89,54,19,13,36,24,24,13,13,13,25,13,25,13,13
108.02,Estimate,580,0,0,0,0,0,0,0,0,0,0,0,0,0,0,0,0,0,580,507,410,85,12,0,73,38,28,10,0,0,35,30,5,0,0
108.02,Margin of Error,138,13,13,13,13,13,13,13,13,13,13,13,13,13,13,13,13,13,138,142,139,48,15,13,51,41,37,15,13,13,30,27,9,13,13
201.01,Estimate,760,12,12,12,0,0,0,0,0,0,0,0,0,0,0,0,0,0,748,737,552,101,84,0,11,0,0,0,0,0,11,11,0,0,0
201.01,Margin of Error,240,19,19,19,13,13,13,13,13,13,13,13,13,13,13,13,13,13,237,233,225,76,43,13,17,13,13,13,13,13,17,17,13,13,13
202,Estimate,457,15,15,15,0,0,0,0,0,0,0,0,0,0,0,0,0,0,442,424,260,149,0,15,18,9,9,0,0,0,9,9,0,0,0
202,Margin of Error,137,25,25,25,13,13,13,13,13,13,13,13,13,13,13,13,13,13,136,136,102,103,13,23,21,14,14,13,13,13,15,15,13,13,13
203.01,Estimate,314,0,0,0,0,0,0,0,0,0,0,0,0,0,0,0,0,0,314,281,222,59,0,0,33,0,0,0,0,0,33,33,0,0,0
203.01,Margin of Error,91,13,13,13,13,13,13,13,13,13,13,13,13,13,13,13,13,13,91,88,82,37,13,13,48,13,13,13,13,13,48,48,13,13,13
203.02,Estimate,132,0,0,0,0,0,0,0,0,0,0,0,0,0,0,0,0,0,132,120,59,61,0,0,12,7,5,2,0,0,5,0,5,0,0
203.02,Margin of Error,36,13,13,13,13,13,13,13,13,13,13,13,13,13,13,13,13,13,36,35,26,34,13,13,11,7,7,3,13,13,8,13,8,13,13
203.04,Estimate,166,36,36,36,0,0,0,0,0,0,0,0,0,0,0,0,0,0,130,130,109,21,0,0,0,0,0,0,0,0,0,0,0,0,0
203.04,Margin of Error,69,56,56,56,13,13,13,13,13,13,13,13,13,13,13,13,13,13,62,62,57,24,13,13,13,13,13,13,13,13,13,13,13,13,13
203.05,Estimate,706,49,16,16,0,0,0,33,25,25,0,0,0,8,8,0,0,0,657,572,406,166,0,0,85,17,17,0,0,0,68,42,0,26,0
203.05,Margin of Error,167,47,24,24,13,13,13,41,39,39,13,13,13,13,13,13,13,13,172,145,121,89,13,13,73,21,21,13,13,13,70,55,13,42,13
301,Estimate,168,33,33,0,33,0,0,0,0,0,0,0,0,0,0,0,0,0,135,135,126,0,0,9,0,0,0,0,0,0,0,0,0,0,0
301,Margin of Error,77,51,51,13,51,13,13,13,13,13,13,13,13,13,13,13,13,13,55,55,54,13,13,14,13,13,13,13,13,13,13,13,13,13,13
302,Estimate,268,0,0,0,0,0,0,0,0,0,0,0,0,0,0,0,0,0,268,217,192,25,0,0,51,7,7,0,0,0,44,36,8,0,0
302,Margin of Error,83,13,13,13,13,13,13,13,13,13,13,13,13,13,13,13,13,13,83,70,69,10,13,13,45,12,12,13,13,13,42,42,12,13,13
303.01,Estimate,461,26,26,10,16,0,0,0,0,0,0,0,0,0,0,0,0,0,435,412,346,66,0,0,23,0,0,0,0,0,23,23,0,0,0
303.01,Margin of Error,186,28,28,8,27,13,13,13,13,13,13,13,13,13,13,13,13,13,187,189,182,61,13,13,41,13,13,13,13,13,41,41,13,13,13
303.02,Estimate,282,0,0,0,0,0,0,0,0,0,0,0,0,0,0,0,0,0,282,267,214,53,0,0,15,15,0,15,0,0,0,0,0,0,0
303.02,Margin of Error,114,13,13,13,13,13,13,13,13,13,13,13,13,13,13,13,13,13,114,112,91,61,13,13,24,24,13,24,13,13,13,13,13,13,13
304,Estimate,423,0,0,0,0,0,0,0,0,0,0,0,0,0,0,0,0,0,423,373,192,181,0,0,50,42,29,13,0,0,8,8,0,0,0
304,Margin of Error,87,13,13,13,13,13,13,13,13,13,13,13,13,13,13,13,13,13,87,83,80,71,13,13,54,51,47,20,13,13,12,12,13,13,13
305,Estimate,329,18,18,18,0,0,0,0,0,0,0,0,0,0,0,0,0,0,311,277,175,82,20,0,34,10,10,0,0,0,24,24,0,0,0
305,Margin of Error,85,29,29,29,13,13,13,13,13,13,13,13,13,13,13,13,13,13,82,76,69,41,8,13,25,14,14,13,13,13,20,20,13,13,13
401,Estimate,512,12,0,0,0,0,0,12,7,7,0,0,0,5,5,0,0,0,500,440,223,160,57,0,60,10,10,0,0,0,50,46,4,0,0
401,Margin of Error,102,11,13,13,13,13,13,11,12,12,13,13,13,8,8,13,13,13,102,90,64,83,34,13,53,18,18,13,13,13,49,51,8,13,13
402,Estimate,487,62,19,7,0,12,0,43,0,0,0,0,0,43,16,21,6,0,425,271,83,159,29,0,154,57,24,33,0,0,97,31,66,0,0
402,Margin of Error,111,42,20,10,13,17,13,37,13,13,13,13,13,37,16,32,13,13,114,101,34,103,23,13,53,33,37,46,13,13,39,21,35,13,13
403,Estimate,1172,93,32,0,0,32,0,61,0,0,0,0,0,61,37,24,0,0,1079,831,408,338,85,0,248,91,47,44,0,0,157,75,62,20,0
403,Margin of Error,182,66,44,13,13,44,13,69,13,13,13,13,13,69,56,39,13,13,171,183,126,104,70,13,103,60,52,41,13,13,80,61,54,30,13
404.01,Estimate,737,7,2,0,2,0,0,5,0,0,0,0,0,5,5,0,0,0,730,534,218,273,43,0,196,74,18,56,0,0,122,34,88,0,0
404.01,Margin of Error,178,10,6,13,6,13,13,8,13,13,13,13,13,8,8,13,13,13,178,135,89,103,34,13,124,64,29,58,13,13,112,44,100,13,13
406,Estimate,729,0,0,0,0,0,0,0,0,0,0,0,0,0,0,0,0,0,729,626,274,337,7,8,103,24,24,0,0,0,79,65,0,14,0
406,Margin of Error,133,13,13,13,13,13,13,13,13,13,13,13,13,13,13,13,13,13,133,133,81,102,12,13,55,30,30,13,13,13,47,41,13,19,13
408.01,Estimate,1049,209,98,16,0,82,0,111,0,0,0,0,0,111,58,53,0,0,840,684,445,189,50,0,156,62,0,62,0,0,94,84,4,6,0
408.01,Margin of Error,181,100,62,13,13,62,13,80,13,13,13,13,13,80,52,60,13,13,178,149,117,67,80,13,99,84,13,84,13,13,59,58,7,15,13
501.01,Estimate,1229,113,22,12,10,0,0,91,0,0,0,0,0,91,48,28,15,0,1116,640,216,187,209,28,476,209,81,40,54,34,267,131,100,36,0
501.01,Margin of Error,192,55,25,18,18,19,19,50,19,19,19,19,19,50,37,34,21,19,184,196,107,87,148,25,126,110,61,46,59,51,94,80,75,35,19
502,Estimate,1022,116,37,0,12,25,0,79,27,0,0,27,0,52,19,33,0,0,906,517,143,270,104,0,389,171,92,45,34,0,218,125,55,0,38
502,Margin of Error,173,91,45,19,19,41,19,82,41,19,19,41,19,67,34,56,19,19,171,153,92,113,81,19,152,105,86,54,38,19,113,84,39,19,57
503,Estimate,641,126,74,37,37,0,0,52,0,0,0,0,0,52,29,0,23,0,515,413,174,204,35,0,102,31,31,0,0,0,71,7,49,15,0
503,Margin of Error,134,68,49,39,35,13,13,53,13,13,13,13,13,53,41,13,35,13,126,129,91,85,37,13,61,44,44,13,13,13,45,11,38,20,13
504,Estimate,327,0,0,0,0,0,0,0,0,0,0,0,0,0,0,0,0,0,327,210,125,42,43,0,117,49,35,0,14,0,68,25,34,9,0
504,Margin of Error,87,13,13,13,13,13,13,13,13,13,13,13,13,13,13,13,13,13,87,63,60,36,46,13,62,43,36,13,24,13,47,23,38,11,13
505,Estimate,375,21,0,0,0,0,0,21,0,0,0,0,0,21,21,0,0,0,354,238,117,110,11,0,116,54,2,0,18,34,62,28,34,0,0
505,Margin of Error,74,27,13,13,13,13,13,27,13,13,13,13,13,27,27,13,13,13,73,68,49,53,15,13,51,48,10,13,20,47,50,29,39,13,13
506,Estimate,449,36,0,0,0,0,0,36,0,0,0,0,0,36,0,36,0,0,413,216,101,34,81,0,197,96,29,67,0,0,101,73,28,0,0
506,Margin of Error,106,38,13,13,13,13,13,38,13,13,13,13,13,38,13,38,13,13,102,82,46,32,59,13,89,76,37,65,13,13,55,55,30,13,13
507,Estimate,912,132,38,0,8,30,0,94,31,0,31,0,0,63,63,0,0,0,780,443,97,251,95,0,337,100,50,50,0,0,237,97,131,0,9
507,Margin of Error,166,83,50,13,13,48,13,69,46,13,46,13,13,54,54,13,13,13,152,130,56,113,80,13,140,79,48,63,13,13,135,89,103,13,17
509.01,Estimate,966,58,0,0,0,0,0,58,34,34,0,0,0,24,0,0,24,0,908,470,207,203,60,0,438,159,80,79,0,0,279,172,77,30,0
509.01,Margin of Error,197,63,13,13,13,13,13,63,53,53,13,13,13,38,13,13,38,13,193,138,87,101,58,13,210,106,60,83,13,13,181,153,69,39,13
510,Estimate,1112,103,46,14,32,0,0,57,0,0,0,0,0,57,13,44,0,0,1009,580,274,245,61,0,429,156,107,15,34,0,273,181,54,38,0
510,Margin of Error,234,51,44,21,38,13,13,51,13,13,13,13,13,51,22,44,13,13,233,169,147,94,52,13,176,95,77,23,53,13,143,130,53,42,13
511.01,Estimate,1258,149,28,0,0,28,0,121,48,48,0,0,0,73,0,43,30,0,1109,708,173,466,69,0,401,108,108,0,0,0,293,87,179,27,0
511.01,Margin of Error,196,117,45,19,19,45,19,112,73,73,19,19,19,87,19,71,48,19,216,185,94,165,57,19,153,110,110,19,19,19,142,67,117,34,19
512,Estimate,606,46,34,0,0,34,0,12,0,0,0,0,0,12,0,12,0,0,560,418,285,128,5,0,142,73,37,36,0,0,69,21,48,0,0
512,Margin of Error,147,31,26,13,13,26,13,19,13,13,13,13,13,19,13,19,13,13,145,139,124,74,10,13,81,67,33,57,13,13,52,30,49,13,13
601.01,Estimate,668,0,0,0,0,0,0,0,0,0,0,0,0,0,0,0,0,0,668,508,268,184,56,0,160,50,39,11,0,0,110,83,19,8,0
601.01,Margin of Error,127,13,13,13,13,13,13,13,13,13,13,13,13,13,13,13,13,13,127,123,81,96,46,13,86,53,50,18,13,13,62,60,20,14,13
602,Estimate,298,6,0,0,0,0,0,6,0,0,0,0,0,6,0,6,0,0,292,196,132,43,21,0,96,40,34,0,4,2,56,47,9,0,0
602,Margin of Error,63,9,13,13,13,13,13,9,13,13,13,13,13,9,13,9,13,13,64,50,44,26,17,13,45,33,32,13,7,7,33,29,12,13,13
603.01,Estimate,510,47,36,36,0,0,0,11,0,0,0,0,0,11,0,11,0,0,463,361,151,205,5,0,102,12,12,0,0,0,90,50,11,0,29
603.01,Margin of Error,137,60,56,56,13,13,13,18,13,13,13,13,13,18,13,18,13,13,122,117,65,96,10,13,68,14,14,13,13,13,64,44,14,13,44
604,Estimate,766,0,0,0,0,0,0,0,0,0,0,0,0,0,0,0,0,0,766,598,191,388,19,0,168,40,40,0,0,0,128,111,17,0,0
604,Margin of Error,222,13,13,13,13,13,13,13,13,13,13,13,13,13,13,13,13,13,222,201,88,184,30,13,108,63,63,13,13,13,85,84,27,13,13
605.01,Estimate,714,0,0,0,0,0,0,0,0,0,0,0,0,0,0,0,0,0,714,630,290,327,0,13,84,14,14,0,0,0,70,48,22,0,0
605.01,Margin of Error,169,13,13,13,13,13,13,13,13,13,13,13,13,13,13,13,13,13,169,149,115,131,13,21,70,23,23,13,13,13,66,56,34,13,13
606.01,Estimate,428,42,22,22,0,0,0,20,0,0,0,0,0,20,0,20,0,0,386,308,243,65,0,0,78,0,0,0,0,0,78,34,44,0,0
606.01,Margin of Error,202,39,35,35,13,13,13,19,13,13,13,13,13,19,13,19,13,13,201,198,192,47,13,13,66,13,13,13,13,13,66,51,39,13,13
606.02,Estimate,36,0,0,0,0,0,0,0,0,0,0,0,0,0,0,0,0,0,36,31,23,8,0,0,5,5,5,0,0,0,0,0,0,0,0
606.02,Margin of Error,29,13,13,13,13,13,13,13,13,13,13,13,13,13,13,13,13,13,29,28,26,12,13,13,8,8,8,13,13,13,13,13,13,13,13
606.03,Estimate,182,0,0,0,0,0,0,0,0,0,0,0,0,0,0,0,0,0,182,152,125,27,0,0,30,7,7,0,0,0,23,0,23,0,0
606.03,Margin of Error,68,13,13,13,13,13,13,13,13,13,13,13,13,13,13,13,13,13,68,69,62,29,13,13,24,12,12,13,13,13,21,13,21,13,13
606.04,Estimate,464,0,0,0,0,0,0,0,0,0,0,0,0,0,0,0,0,0,464,396,358,30,8,0,68,49,49,0,0,0,19,19,0,0,0
606.04,Margin of Error,123,13,13,13,13,13,13,13,13,13,13,13,13,13,13,13,13,13,123,113,111,26,13,13,65,57,57,13,13,13,30,30,13,13,13
607,Estimate,521,171,20,0,6,14,0,151,0,0,0,0,0,151,82,39,20,10,350,106,25,61,20,0,244,26,21,5,0,0,218,70,135,13,0
607,Margin of Error,78,62,19,13,10,15,13,59,13,13,13,13,13,59,49,44,24,16,70,54,28,38,24,13,72,24,23,8,13,13,71,46,56,20,13
608,Estimate,642,0,0,0,0,0,0,0,0,0,0,0,0,0,0,0,0,0,642,600,394,206,0,0,42,0,0,0,0,0,42,0,42,0,0
608,Margin of Error,169,13,13,13,13,13,13,13,13,13,13,13,13,13,13,13,13,13,169,153,156,37,13,13,74,13,13,13,13,13,74,13,74,13,13
610,Estimate,610,135,26,16,0,0,10,109,0,0,0,0,0,109,67,42,0,0,475,315,175,104,36,0,160,15,0,1,14,0,145,68,47,30,0
610,Margin of Error,217,106,38,32,13,13,21,105,13,13,13,13,13,105,89,55,13,13,193,182,82,163,34,13,88,25,13,6,24,13,83,56,38,45,13
611.01,Estimate,505,293,13,5,8,0,0,280,82,40,42,0,0,198,111,67,20,0,212,71,37,34,0,0,141,0,0,0,0,0,141,56,85,0,0
611.01,Margin of Error,136,117,15,10,11,13,13,116,96,63,70,13,13,72,66,32,19,13,86,41,31,27,13,13,75,13,13,13,13,13,75,52,57,13,13
612.01,Estimate,412,193,193,193,0,0,0,0,0,0,0,0,0,0,0,0,0,0,219,219,130,89,0,0,0,0,0,0,0,0,0,0,0,0,0
612.01,Margin of Error,198,195,195,195,13,13,13,13,13,13,13,13,13,13,13,13,13,13,136,136,116,82,13,13,13,13,13,13,13,13,13,13,13,13,13
612.02,Estimate,0,0,0,0,0,0,0,0,0,0,0,0,0,0,0,0,0,0,0,0,0,0,0,0,0,0,0,0,0,0,0,0,0,0,0
612.02,Margin of Error,13,13,13,13,13,13,13,13,13,13,13,13,13,13,13,13,13,13,13,13,13,13,13,13,13,13,13,13,13,13,13,13,13,13,13
612.03,Estimate,350,0,0,0,0,0,0,0,0,0,0,0,0,0,0,0,0,0,350,318,199,119,0,0,32,16,0,16,0,0,16,16,0,0,0
612.03,Margin of Error,118,13,13,13,13,13,13,13,13,13,13,13,13,13,13,13,13,13,118,123,90,64,13,13,35,24,13,24,13,13,26,26,13,13,13
612.04,Estimate,159,0,0,0,0,0,0,0,0,0,0,0,0,0,0,0,0,0,159,159,104,55,0,0,0,0,0,0,0,0,0,0,0,0,0
612.04,Margin of Error,69,13,13,13,13,13,13,13,13,13,13,13,13,13,13,13,13,13,69,69,64,31,13,13,13,13,13,13,13,13,13,13,13,13,13
701.02,Estimate,483,156,140,140,0,0,0,16,0,0,0,0,0,16,16,0,0,0,327,261,210,43,8,0,66,10,10,0,0,0,56,20,36,0,0
701.02,Margin of Error,150,93,91,91,13,13,13,26,13,13,13,13,13,26,26,13,13,13,121,113,108,37,12,13,44,16,16,13,13,13,45,41,24,13,13
701.03,Estimate,106,0,0,0,0,0,0,0,0,0,0,0,0,0,0,0,0,0,106,80,0,39,41,0,26,0,0,0,0,0,26,26,0,0,0
701.03,Margin of Error,72,13,13,13,13,13,13,13,13,13,13,13,13,13,13,13,13,13,72,65,13,49,66,13,31,13,13,13,13,13,31,31,13,13,13
701.04,Estimate,679,93,0,0,0,0,0,93,11,11,0,0,0,82,82,0,0,0,586,518,428,90,0,0,68,24,24,0,0,0,44,44,0,0,0
701.04,Margin of Error,172,98,13,13,13,13,13,98,19,19,13,13,13,101,101,13,13,13,145,144,142,57,13,13,50,29,29,13,13,13,42,42,13,13,13
702.01,Estimate,420,110,75,75,0,0,0,35,0,0,0,0,0,35,35,0,0,0,310,265,137,128,0,0,45,0,0,0,0,0,45,45,0,0,0
702.01,Margin of Error,85,57,33,33,13,13,13,45,13,13,13,13,13,45,45,13,13,13,88,83,76,42,13,13,39,13,13,13,13,13,39,39,13,13,13
702.02,Estimate,699,92,44,4,32,8,0,48,4,0,0,4,0,44,14,0,30,0,607,470,226,222,22,0,137,55,36,19,0,0,82,82,0,0,0
702.02,Margin of Error,214,54,43,8,39,14,13,36,6,13,13,6,13,35,23,13,26,13,202,179,134,154,30,13,92,60,54,29,13,13,76,76,13,13,13
703.01,Estimate,522,27,27,27,0,0,0,0,0,0,0,0,0,0,0,0,0,0,495,427,281,117,29,0,68,36,36,0,0,0,32,0,32,0,0
703.01,Margin of Error,137,32,32,32,13,13,13,13,13,13,13,13,13,13,13,13,13,13,133,129,122,55,44,13,37,33,33,13,13,13,45,13,45,13,13
703.02,Estimate,446,40,7,7,0,0,0,33,0,0,0,0,0,33,33,0,0,0,406,377,267,110,0,0,29,0,0,0,0,0,29,29,0,0,0
703.02,Margin of Error,117,54,13,13,13,13,13,52,13,13,13,13,13,52,52,13,13,13,111,115,123,49,13,13,47,13,13,13,13,13,47,47,13,13,13
704.02,Estimate,541,142,83,73,10,0,0,59,6,6,0,0,0,53,24,5,24,0,399,282,207,69,6,0,117,25,10,15,0,0,92,89,3,0,0
704.02,Margin of Error,84,52,37,34,11,13,13,33,8,8,13,13,13,33,26,7,19,13,78,64,60,34,9,13,47,21,11,20,13,13,44,45,6,13,13
705.01,Estimate,332,0,0,0,0,0,0,0,0,0,0,0,0,0,0,0,0,0,332,287,213,74,0,0,45,45,34,0,11,0,0,0,0,0,0
705.01,Margin of Error,91,13,13,13,13,13,13,13,13,13,13,13,13,13,13,13,13,13,91,96,87,65,13,13,37,37,32,13,17,13,13,13,13,13,13
705.02,Estimate,810,282,195,91,104,0,0,87,0,0,0,0,0,87,24,15,48,0,528,410,265,131,14,0,118,33,18,15,0,0,85,17,68,0,0
705.02,Margin of Error,221,166,168,90,143,13,13,53,13,13,13,13,13,53,41,27,71,13,171,164,112,112,21,13,78,35,27,24,13,13,71,25,61,13,13
706,Estimate,488,21,21,21,0,0,0,0,0,0,0,0,0,0,0,0,0,0,467,443,252,164,27,0,24,0,0,0,0,0,24,0,24,0,0
706,Margin of Error,109,34,34,34,13,13,13,13,13,13,13,13,13,13,13,13,13,13,103,91,85,54,22,13,38,13,13,13,13,13,38,13,38,13,13
707,Estimate,659,55,4,0,4,0,0,51,0,0,0,0,0,51,29,22,0,0,604,343,219,84,40,0,261,118,118,0,0,0,143,118,25,0,0
707,Margin of Error,203,66,8,13,8,13,13,64,13,13,13,13,13,64,45,31,13,13,206,76,80,45,33,13,202,178,178,13,13,13,96,105,24,13,13
708.01,Estimate,92,0,0,0,0,0,0,0,0,0,0,0,0,0,0,0,0,0,92,81,81,0,0,0,11,11,11,0,0,0,0,0,0,0,0
708.01,Margin of Error,70,13,13,13,13,13,13,13,13,13,13,13,13,13,13,13,13,13,70,67,67,13,13,13,19,19,19,13,13,13,13,13,13,13,13
708.02,Estimate,290,21,0,0,0,0,0,21,0,0,0,0,0,21,21,0,0,0,269,249,214,35,0,0,20,0,0,0,0,0,20,20,0,0,0
708.02,Margin of Error,151,33,13,13,13,13,13,33,13,13,13,13,13,33,33,13,13,13,149,140,133,46,13,13,33,13,13,13,13,13,33,33,13,13,13
709.01,Estimate,231,51,7,7,0,0,0,44,33,0,33,0,0,11,11,0,0,0,180,119,71,48,0,0,61,0,0,0,0,0,61,37,24,0,0
709.01,Margin of Error,76,22,13,13,13,13,13,18,4,13,4,13,13,17,17,13,13,13,74,52,43,41,13,13,58,13,13,13,13,13,58,40,39,13,13
709.02,Estimate,378,67,21,21,0,0,0,46,0,0,0,0,0,46,0,46,0,0,311,285,137,143,5,0,26,14,14,0,0,0,12,12,0,0,0
709.02,Margin of Error,66,50,32,32,13,13,13,33,13,13,13,13,13,33,13,33,13,13,73,75,59,50,8,13,27,23,23,13,13,13,19,19,13,13,13
711.01,Estimate,664,80,80,80,0,0,0,0,0,0,0,0,0,0,0,0,0,0,584,210,143,52,15,0,374,201,152,49,0,0,173,173,0,0,0
711.01,Margin of Error,203,52,52,52,13,13,13,13,13,13,13,13,13,13,13,13,13,13,188,102,95,41,23,13,177,101,65,73,13,13,157,157,13,13,13
712.01,Estimate,773,183,19,19,0,0,0,164,6,6,0,0,0,158,64,94,0,0,590,410,183,107,120,0,180,22,22,0,0,0,158,85,60,13,0
712.01,Margin of Error,149,79,20,20,13,13,13,74,10,10,13,13,13,74,64,71,13,13,143,137,61,53,133,13,91,25,25,13,13,13,94,68,53,28,13
801,Estimate,359,71,43,15,0,28,0,28,0,0,0,0,0,28,0,28,0,0,288,182,42,91,49,0,106,21,10,11,0,0,85,54,31,0,0
801,Margin of Error,98,55,49,18,13,44,13,32,13,13,13,13,13,32,13,32,13,13,90,77,38,49,47,13,71,22,15,18,13,13,70,58,36,13,13
803,Estimate,485,122,53,0,0,53,0,69,0,0,0,0,0,69,0,32,37,0,363,194,73,121,0,0,169,46,38,8,0,0,123,71,38,14,0
803,Margin of Error,115,53,50,13,13,50,13,40,13,13,13,13,13,40,13,41,44,13,117,97,62,104,13,13,94,50,44,23,13,13,80,72,31,30,13
804.01,Estimate,556,210,0,0,0,0,0,210,0,0,0,0,0,210,54,135,21,0,346,152,95,30,27,0,194,59,39,20,0,0,135,75,60,0,0
804.01,Margin of Error,111,79,13,13,13,13,13,79,13,13,13,13,13,79,45,75,26,13,105,77,66,29,33,13,83,50,45,24,13,13,70,56,42,13,13
805,Estimate,825,172,0,0,0,0,0,172,62,42,0,20,0,110,30,80,0,0,653,185,119,27,9,30,468,94,70,24,0,0,374,162,123,89,0
805,Margin of Error,166,95,13,13,13,13,13,95,75,67,13,31,13,64,36,55,13,13,133,78,63,32,17,39,117,59,50,38,13,13,103,107,61,67,13
806.01,Estimate,327,134,91,20,28,43,0,43,0,0,0,0,0,43,11,32,0,0,193,81,28,26,27,0,112,15,0,15,0,0,97,35,62,0,0
806.01,Margin of Error,103,86,78,25,32,64,13,38,13,13,13,13,13,38,16,33,13,13,88,47,21,28,37,13,62,17,13,17,13,13,56,28,49,13,13
808.01,Estimate,683,311,21,0,16,0,5,290,13,13,0,0,0,277,164,110,3,0,372,73,0,50,23,0,299,0,0,0,0,0,299,143,146,10,0
808.01,Margin of Error,170,168,22,13,19,13,10,165,21,21,13,13,13,162,151,62,10,13,98,44,13,42,25,13,101,13,13,13,13,13,101,81,83,15,13
809,Estimate,182,0,0,0,0,0,0,0,0,0,0,0,0,0,0,0,0,0,182,90,62,28,0,0,92,18,18,0,0,0,74,57,17,0,0
809,Margin of Error,85,13,13,13,13,13,13,13,13,13,13,13,13,13,13,13,13,13,85,48,39,29,13,13,68,22,22,13,13,13,70,66,25,13,13
810.01,Estimate,771,189,0,0,0,0,0,189,0,0,0,0,0,189,83,87,19,0,582,217,112,101,4,0,365,64,55,9,0,0,301,177,124,0,0
810.01,Margin of Error,218,103,19,19,19,19,19,103,19,19,19,19,19,103,83,83,34,19,210,103,75,71,15,19,202,44,40,21,19,19,193,175,74,19,19
811.01,Estimate,135,12,12,0,12,0,0,0,0,0,0,0,0,0,0,0,0,0,123,123,81,42,0,0,0,0,0,0,0,0,0,0,0,0,0
811.01,Margin of Error,67,22,22,13,22,13,13,13,13,13,13,13,13,13,13,13,13,13,71,71,47,52,13,13,13,13,13,13,13,13,13,13,13,13,13
811.02,Estimate,361,0,0,0,0,0,0,0,0,0,0,0,0,0,0,0,0,0,361,132,71,61,0,0,229,0,0,0,0,0,229,173,30,26,0
811.02,Margin of Error,225,13,13,13,13,13,13,13,13,13,13,13,13,13,13,13,13,13,225,70,48,59,13,13,216,13,13,13,13,13,216,210,38,37,13
812,Estimate,918,403,9,0,0,9,0,394,13,13,0,0,0,381,87,255,39,0,515,209,54,91,11,53,306,24,11,0,13,0,282,78,166,38,0
812,Margin of Error,151,139,14,13,13,14,13,137,21,21,13,13,13,135,53,124,44,13,129,81,40,57,17,56,119,24,14,13,20,13,116,61,96,43,13
813.01,Estimate,611,299,107,107,0,0,0,192,0,0,0,0,0,192,44,148,0,0,312,98,0,88,10,0,214,43,43,0,0,0,171,42,129,0,0
813.01,Margin of Error,258,240,111,111,13,13,13,212,13,13,13,13,13,212,67,203,13,13,116,87,13,87,21,13,105,67,67,13,13,13,80,72,69,13,13
813.02,Estimate,485,43,5,0,0,5,0,38,0,0,0,0,0,38,15,23,0,0,442,142,52,90,0,0,300,28,0,28,0,0,272,119,153,0,0
813.02,Margin of Error,151,50,9,13,13,9,13,50,13,13,13,13,13,50,24,44,13,13,152,123,69,99,13,13,180,50,13,50,13,13,186,134,182,13,13
814,Estimate,546,28,28,0,28,0,0,0,0,0,0,0,0,0,0,0,0,0,518,291,108,155,13,15,227,66,48,18,0,0,161,111,50,0,0
814,Margin of Error,145,41,41,13,41,13,13,13,13,13,13,13,13,13,13,13,13,13,149,105,59,74,19,20,107,52,50,23,13,13,92,80,48,13,13
815,Estimate,643,101,24,0,1,0,23,77,0,0,0,0,0,77,0,45,32,0,542,166,96,49,21,0,376,98,62,36,0,0,278,66,190,0,22
815,Margin of Error,207,67,26,13,2,13,26,56,13,13,13,13,13,56,13,52,38,13,198,67,57,35,31,13,187,64,46,46,13,13,187,51,181,13,33
817,Estimate,728,133,11,11,0,0,0,122,82,26,18,38,0,40,40,0,0,0,595,269,122,100,35,12,326,80,32,48,0,0,246,86,121,0,39
817,Margin of Error,141,81,18,18,13,13,13,83,66,40,28,42,13,48,48,13,13,13,139,113,64,90,40,21,104,47,25,37,13,13,104,68,67,13,55
818,Estimate,736,108,13,13,0,0,0,95,13,13,0,0,0,82,11,71,0,0,628,172,76,96,0,0,456,91,52,39,0,0,365,224,141,0,0
818,Margin of Error,192,58,20,20,13,13,13,60,18,18,13,13,13,57,18,62,13,13,198,80,44,68,13,13,190,76,61,45,13,13,174,134,123,13,13
819,Estimate,924,120,33,21,0,12,0,87,15,15,0,0,0,72,72,0,0,0,804,393,49,344,0,0,411,36,26,10,0,0,375,248,70,57,0
819,Margin of Error,295,87,46,32,13,21,13,75,25,25,13,13,13,84,84,13,13,13,291,318,54,312,13,13,145,35,33,15,13,13,140,121,64,67,13
820,Estimate,833,169,21,0,0,0,21,148,0,0,0,0,0,148,54,84,10,0,664,341,104,119,118,0,323,45,23,22,0,0,278,123,109,46,0
820,Margin of Error,207,89,32,13,13,13,32,90,13,13,13,13,13,90,63,67,21,13,211,174,63,84,148,13,129,46,29,33,13,13,119,83,88,43,13
821,Estimate,1124,253,0,0,0,0,0,253,0,0,0,0,0,253,125,128,0,0,871,287,106,98,49,34,584,105,52,53,0,0,479,227,145,0,107
821,Margin of Error,276,148,19,19,19,19,19,148,19,19,19,19,19,148,107,99,19,19,286,204,111,140,76,58,245,108,80,72,19,19,246,137,144,19,120
901,Estimate,1286,428,196,0,170,26,0,232,3,0,3,0,0,229,54,146,29,0,858,254,25,138,73,18,604,172,94,78,0,0,432,189,201,42,0
901,Margin of Error,326,273,268,19,243,42,19,117,6,19,6,19,19,117,64,92,42,19,190,122,37,85,53,28,169,109,91,70,19,19,144,96,103,50,19
902,Estimate,497,136,22,7,15,0,0,114,18,18,0,0,0,96,17,54,0,25,361,174,37,55,82,0,187,33,18,5,0,10,154,50,28,36,40
902,Margin of Error,81,67,22,10,19,13,13,66,31,31,13,13,13,58,17,40,13,38,69,71,37,43,52,13,66,27,21,9,13,18,67,38,28,33,39
903,Estimate,751,166,12,0,12,0,0,154,18,18,0,0,0,136,33,103,0,0,585,160,102,41,17,0,425,146,91,34,21,0,279,73,110,96,0
903,Margin of Error,163,79,18,13,18,13,13,78,31,31,13,13,13,74,30,70,13,13,154,90,76,46,25,13,159,118,106,42,33,13,114,67,81,70,13
904,Estimate,881,193,88,53,35,0,0,105,0,0,0,0,0,105,29,57,11,8,688,383,47,268,58,10,305,28,14,14,0,0,277,61,214,2,0
904,Margin of Error,181,113,79,70,44,13,13,75,13,13,13,13,13,75,46,56,19,16,187,128,43,121,56,16,141,31,23,22,13,13,135,62,112,4,13
906,Estimate,500,90,48,48,0,0,0,42,0,0,0,0,0,42,0,42,0,0,410,211,59,84,60,8,199,50,16,34,0,0,149,30,95,24,0
906,Margin of Error,120,90,79,79,13,13,13,47,13,13,13,13,13,47,13,47,13,13,95,70,43,41,55,14,76,33,18,29,13,13,73,28,62,30,13
907,Estimate,760,103,0,0,0,0,0,103,10,0,10,0,0,93,71,22,0,0,657,379,121,212,46,0,278,83,28,55,0,0,195,89,106,0,0
907,Margin of Error,151,98,13,13,13,13,13,98,16,13,16,13,13,99,86,32,13,13,146,112,59,88,29,13,104,55,34,41,13,13,95,63,72,13,13
909.01,Estimate,523,185,41,26,0,15,0,144,0,0,0,0,0,144,0,144,0,0,338,167,124,24,19,0,171,47,31,16,0,0,124,37,74,13,0
909.01,Margin of Error,111,83,33,29,13,17,13,77,13,13,13,13,13,77,13,77,13,13,111,71,62,25,20,13,75,43,36,26,13,13,74,35,65,19,13
910.01,Estimate,715,64,42,42,0,0,0,22,0,0,0,0,0,22,22,0,0,0,651,462,253,126,83,0,189,78,31,47,0,0,111,46,24,41,0
910.01,Margin of Error,236,52,38,38,13,13,13,35,13,13,13,13,13,35,35,13,13,13,235,207,149,53,107,13,103,81,29,75,13,13,59,54,30,38,13
911,Estimate,772,12,12,0,12,0,0,0,0,0,0,0,0,0,0,0,0,0,760,514,222,234,58,0,246,90,65,25,0,0,156,55,70,14,17
911,Margin of Error,171,16,16,13,16,13,13,13,13,13,13,13,13,13,13,13,13,13,175,159,119,95,51,13,107,53,44,30,13,13,99,57,70,21,27
912,Estimate,583,210,74,4,18,52,0,136,0,0,0,0,0,136,105,31,0,0,373,286,102,124,43,17,87,58,58,0,0,0,29,29,0,0,0
912,Margin of Error,167,141,63,11,28,56,13,106,13,13,13,13,13,106,100,39,13,13,100,95,47,79,34,26,59,58,58,13,13,13,31,31,13,13,13
913,Estimate,568,159,16,0,5,11,0,143,0,0,0,0,0,143,51,78,14,0,409,114,42,51,1,20,295,87,36,51,0,0,208,49,149,10,0
913,Margin of Error,100,65,18,13,9,15,13,63,13,13,13,13,13,63,33,53,17,13,87,49,27,34,8,25,84,57,28,50,13,13,73,32,69,19,13
914,Estimate,786,148,6,0,6,0,0,142,0,0,0,0,0,142,66,76,0,0,638,315,80,200,18,17,323,58,33,25,0,0,265,150,82,33,0
914,Margin of Error,190,99,11,13,11,13,13,102,13,13,13,13,13,102,76,67,13,13,177,144,44,134,18,15,118,43,31,30,13,13,111,91,58,29,13
915,Estimate,847,178,65,22,0,43,0,113,23,14,9,0,0,90,25,30,35,0,669,373,121,116,120,16,296,59,46,13,0,0,237,150,87,0,0
915,Margin of Error,169,103,81,37,13,73,13,69,18,14,13,13,13,69,43,36,41,13,127,102,66,70,82,24,110,57,51,23,13,13,98,80,47,13,13
916,Estimate,567,80,0,0,0,0,0,80,0,0,0,0,0,80,0,80,0,0,487,333,156,98,16,63,154,109,57,52,0,0,45,16,29,0,0
916,Margin of Error,171,84,13,13,13,13,13,84,13,13,13,13,13,84,13,84,13,13,154,164,113,83,30,97,87,77,56,62,13,13,41,19,40,13,13
917,Estimate,787,143,0,0,0,0,0,143,5,5,0,0,0,138,43,33,62,0,644,268,79,145,44,0,376,74,27,41,6,0,302,52,196,45,9
917,Margin of Error,138,92,13,13,13,13,13,92,10,10,13,13,13,91,44,37,77,13,131,118,46,99,45,13,88,51,25,45,9,13,97,39,90,40,14
918,Estimate,732,204,74,0,74,0,0,130,23,13,10,0,0,107,31,37,39,0,528,111,3,76,32,0,417,138,37,62,39,0,279,121,158,0,0
918,Margin of Error,162,153,117,13,117,13,13,89,28,23,16,13,13,81,39,40,41,13,125,73,6,59,41,13,108,85,58,62,47,13,92,78,87,13,13
919,Estimate,981,158,18,0,18,0,0,140,0,0,0,0,0,140,58,36,30,16,823,358,13,194,130,21,465,97,40,38,19,0,368,159,182,27,0
919,Margin of Error,216,79,25,13,25,13,13,78,13,13,13,13,13,78,58,50,37,26,215,173,20,135,85,32,125,92,65,62,30,13,110,88,94,47,13
920,Estimate,1281,180,108,75,33,0,0,72,0,0,0,0,0,72,25,22,25,0,1101,418,168,160,69,21,683,174,29,83,0,62,509,146,363,0,0
920,Margin of Error,195,110,86,75,38,19,19,62,19,19,19,19,19,62,39,31,29,19,188,129,87,86,48,25,200,106,36,70,19,68,159,69,154,19,19
921.01,Estimate,1434,201,123,0,83,40,0,78,0,0,0,0,0,78,65,13,0,0,1233,662,248,414,0,0,571,210,63,109,38,0,361,140,189,32,0
921.01,Margin of Error,333,138,102,19,88,58,19,82,19,19,19,19,19,82,80,44,19,19,344,253,133,213,19,19,252,192,61,166,58,19,168,113,155,52,19
922,Estimate,735,52,24,0,0,24,0,28,0,0,0,0,0,28,28,0,0,0,683,310,106,113,77,14,373,50,45,5,0,0,323,99,216,0,8
922,Margin of Error,148,58,39,13,13,39,13,44,13,13,13,13,13,44,44,13,13,13,145,83,65,49,55,19,129,35,34,10,13,13,126,66,113,13,16
923,Estimate,866,67,32,32,0,0,0,35,0,0,0,0,0,35,0,32,3,0,799,249,85,94,70,0,550,69,38,15,16,0,481,142,232,97,10
923,Margin of Error,117,57,42,42,13,13,13,43,13,13,13,13,13,43,13,42,9,13,116,79,38,56,44,13,132,44,33,22,22,13,128,84,119,62,15
924,Estimate,1558,353,0,0,0,0,0,353,58,58,0,0,0,295,120,175,0,0,1205,376,14,333,29,0,829,73,21,52,0,0,756,394,243,119,0
924,Margin of Error,311,211,19,19,19,19,19,211,92,92,19,19,19,172,99,119,19,19,272,234,24,231,57,19,227,63,35,51,19,19,220,139,147,84,19
1001,Estimate,1639,298,0,0,0,0,0,298,28,28,0,0,0,270,63,181,26,0,1341,581,97,267,125,92,760,78,26,31,0,21,682,314,296,72,0
1001,Margin of Error,226,154,19,19,19,19,19,154,46,46,19,19,19,149,53,149,35,19,201,184,80,148,83,85,242,67,35,50,19,35,242,187,142,68,19
1002,Estimate,858,252,60,0,31,29,0,192,9,9,0,0,0,183,0,141,42,0,606,233,89,45,95,4,373,51,30,21,0,0,322,80,198,25,19
1002,Margin of Error,138,65,42,13,34,29,13,65,13,13,13,13,13,63,13,59,37,13,141,110,49,32,94,7,106,39,33,24,13,13,100,47,88,27,23
1003,Estimate,1023,214,0,0,0,0,0,214,0,0,0,0,0,214,66,106,42,0,809,394,52,169,173,0,415,30,25,5,0,0,385,90,278,17,0
1003,Margin of Error,190,104,13,13,13,13,13,104,13,13,13,13,13,104,57,77,47,13,215,177,45,84,150,13,127,33,32,8,13,13,121,62,101,29,13
1004,Estimate,1416,361,106,11,46,49,0,255,12,12,0,0,0,243,14,179,50,0,1055,612,49,334,229,0,443,118,48,70,0,0,325,189,136,0,0
1004,Margin of Error,271,161,83,17,59,44,19,146,20,20,19,19,19,144,23,158,66,19,257,236,46,164,172,19,150,97,58,81,19,19,114,92,89,19,19
1005,Estimate,1609,162,28,0,28,0,0,134,0,0,0,0,0,134,49,85,0,0,1447,1066,309,473,229,55,381,145,94,51,0,0,236,151,85,0,0
1005,Margin of Error,263,95,33,19,33,19,19,101,19,19,19,19,19,101,59,82,19,19,268,212,150,182,137,58,138,109,89,63,19,19,128,111,71,19,19
1006.01,Estimate,1217,91,43,43,0,0,0,48,0,0,0,0,0,48,29,19,0,0,1126,688,247,296,130,15,438,144,76,68,0,0,294,127,155,0,12
1006.01,Margin of Error,250,87,71,71,19,19,19,52,19,19,19,19,19,52,45,32,19,19,254,236,122,166,79,22,208,81,62,65,19,19,206,143,117,19,25
1006.03,Estimate,479,1,0,0,0,0,0,1,0,0,0,0,0,1,1,0,0,0,478,275,150,113,12,0,203,114,71,43,0,0,89,69,20,0,0
1006.03,Margin of Error,112,5,13,13,13,13,13,5,13,13,13,13,13,5,5,13,13,13,111,83,67,52,16,13,93,83,51,69,13,13,36,32,20,13,13
1007,Estimate,875,9,0,0,0,0,0,9,9,0,0,9,0,0,0,0,0,0,866,689,258,252,174,5,177,10,0,10,0,0,167,78,47,42,0
1007,Margin of Error,151,15,13,13,13,13,13,15,15,13,13,15,13,13,13,13,13,13,152,189,84,137,81,9,94,18,13,18,13,13,95,54,59,42,13
1008,Estimate,1606,141,26,26,0,0,0,115,20,20,0,0,0,95,95,0,0,0,1465,849,492,357,0,0,616,83,54,29,0,0,533,158,375,0,0
1008,Margin of Error,290,110,41,41,19,19,19,103,33,33,19,19,19,97,97,19,19,19,304,226,181,140,19,19,219,77,63,50,19,19,214,106,205,19,19
1009,Estimate,1009,79,29,8,21,0,0,50,0,0,0,0,0,50,8,0,42,0,930,510,175,161,163,11,420,75,50,25,0,0,345,128,126,52,39
1009,Margin of Error,202,56,32,12,31,13,13,45,13,13,13,13,13,45,13,13,47,13,206,116,76,73,85,16,189,55,40,39,13,13,179,77,121,86,58
1010.01,Estimate,1574,42,0,0,0,0,0,42,0,0,0,0,0,42,0,22,20,0,1532,769,331,296,107,35,763,259,0,245,14,0,504,219,261,24,0
1010.01,Margin of Error,292,57,19,19,19,19,19,57,19,19,19,19,19,57,19,38,38,19,281,211,148,170,116,50,271,212,19,210,24,19,212,173,151,39,19
1010.02,Estimate,1686,331,47,0,27,20,0,284,0,0,0,0,0,284,92,153,39,0,1355,570,175,278,117,0,785,72,72,0,0,0,713,449,264,0,0
1010.02,Margin of Error,341,144,49,19,35,33,19,137,19,19,19,19,19,137,74,116,59,19,345,189,117,134,110,19,315,66,66,19,19,19,310,294,136,19,19
1011.01,Estimate,918,81,15,0,15,0,0,66,22,22,0,0,0,44,15,20,9,0,837,463,41,339,46,37,374,158,125,0,33,0,216,70,120,26,0
1011.01,Margin of Error,143,50,23,13,23,13,13,47,26,26,13,13,13,41,22,31,20,13,138,144,45,117,58,56,136,110,99,13,49,13,104,58,82,35,13
1011.02,Estimate,1198,239,47,0,0,47,0,192,0,0,0,0,0,192,42,89,30,31,959,414,102,210,75,27,545,142,92,10,19,21,403,205,162,36,0
1011.02,Margin of Error,189,88,34,19,19,34,19,97,19,19,19,19,19,97,37,63,50,48,184,125,71,109,63,47,175,108,101,19,31,33,141,101,107,39,19
1101.04,Estimate,502,214,0,0,0,0,0,214,0,0,0,0,0,214,48,166,0,0,288,72,48,0,8,16,216,124,68,0,56,0,92,36,55,1,0
1101.04,Margin of Error,151,76,13,13,13,13,13,76,13,13,13,13,13,76,79,80,13,13,156,89,79,13,28,31,157,115,106,13,59,13,89,71,58,35,13
1101.05,Estimate,439,0,0,0,0,0,0,0,0,0,0,0,0,0,0,0,0,0,439,377,231,113,33,0,62,20,20,0,0,0,42,19,23,0,0
1101.05,Margin of Error,200,13,13,13,13,13,13,13,13,13,13,13,13,13,13,13,13,13,200,197,159,106,17,13,56,34,34,13,13,13,43,31,35,13,13
1101.06,Estimate,404,0,0,0,0,0,0,0,0,0,0,0,0,0,0,0,0,0,404,387,282,68,37,0,17,0,0,0,0,0,17,15,2,0,0
1101.06,Margin of Error,316,13,13,13,13,13,13,13,13,13,13,13,13,13,13,13,13,13,316,313,312,70,23,13,30,13,13,13,13,13,30,25,18,13,13
1102.01,Estimate,580,51,3,0,3,0,0,48,17,17,0,0,0,31,24,7,0,0,529,316,30,218,46,22,213,24,5,19,0,0,189,80,79,30,0
1102.01,Margin of Error,107,38,6,13,6,13,13,39,24,24,13,13,13,27,24,11,13,13,107,94,25,103,42,19,68,23,10,21,13,13,61,47,45,28,13
1103.01,Estimate,641,13,0,0,0,0,0,13,0,0,0,0,0,13,12,1,0,0,628,439,117,256,66,0,189,52,49,3,0,0,137,65,72,0,0
1103.01,Margin of Error,93,14,13,13,13,13,13,14,13,13,13,13,13,14,13,4,13,13,94,91,50,77,35,13,76,42,42,6,13,13,66,52,43,13,13
1104.01,Estimate,1068,107,10,0,0,10,0,97,40,19,21,0,0,57,53,4,0,0,961,530,163,325,32,10,431,45,45,0,0,0,386,235,151,0,0
1104.01,Margin of Error,131,67,19,13,13,19,13,69,49,30,36,13,13,63,63,6,13,13,141,156,81,144,34,16,157,46,46,13,13,13,143,141,81,13,13
1104.03,Estimate,1203,62,14,10,0,4,0,48,16,0,16,0,0,32,32,0,0,0,1141,836,268,532,36,0,305,107,70,22,15,0,198,115,73,10,0
1104.03,Margin of Error,185,46,17,15,13,8,13,43,26,13,26,13,13,37,37,13,13,13,189,157,95,143,29,13,94,59,54,26,24,13,83,68,53,16,13
1105.01,Estimate,812,13,0,0,0,0,0,13,0,0,0,0,0,13,0,13,0,0,799,568,209,335,24,0,231,69,28,41,0,0,162,71,91,0,0
1105.01,Margin of Error,182,21,13,13,13,13,13,21,13,13,13,13,13,21,13,21,13,13,182,181,121,136,29,13,99,60,27,57,13,13,73,55,67,13,13
1105.02,Estimate,1176,55,0,0,0,0,0,55,0,0,0,0,0,55,44,11,0,0,1121,700,214,413,73,0,421,299,209,85,5,0,122,68,42,12,0
1105.02,Margin of Error,273,70,13,13,13,13,13,70,13,13,13,13,13,70,68,16,13,13,260,135,78,113,51,13,270,264,223,83,8,13,56,47,31,19,13
1106.01,Estimate,806,11,0,0,0,0,0,11,0,0,0,0,0,11,11,0,0,0,795,681,375,189,117,0,114,9,0,9,0,0,105,98,0,7,0
1106.01,Margin of Error,142,18,13,13,13,13,13,18,13,13,13,13,13,18,18,13,13,13,145,130,132,70,69,13,71,15,13,15,13,13,70,68,13,11,13
1106.07,Estimate,1314,24,24,0,24,0,0,0,0,0,0,0,0,0,0,0,0,0,1290,1045,308,632,105,0,245,38,25,13,0,0,207,136,58,13,0
1106.07,Margin of Error,210,39,39,19,39,19,19,19,19,19,19,19,19,19,19,19,19,19,211,226,123,221,85,19,128,43,38,22,19,19,121,93,83,21,19
1201.03,Estimate,404,0,0,0,0,0,0,0,0,0,0,0,0,0,0,0,0,0,404,370,146,215,9,0,34,19,0,19,0,0,15,13,2,0,0
1201.03,Margin of Error,61,13,13,13,13,13,13,13,13,13,13,13,13,13,13,13,13,13,61,59,39,50,12,13,29,20,13,20,13,13,19,19,4,13,13
1201.04,Estimate,502,42,0,0,0,0,0,42,0,0,0,0,0,42,0,30,12,0,460,378,188,154,36,0,82,0,0,0,0,0,82,44,38,0,0
1201.04,Margin of Error,106,30,13,13,13,13,13,30,13,13,13,13,13,30,13,26,20,13,111,109,73,60,58,13,43,13,13,13,13,13,43,31,28,13,13
1201.05,Estimate,556,37,0,0,0,0,0,37,0,0,0,0,0,37,37,0,0,0,519,484,270,192,22,0,35,15,7,8,0,0,20,6,14,0,0
1201.05,Margin of Error,76,48,13,13,13,13,13,48,13,13,13,13,13,48,48,13,13,13,62,59,58,50,14,13,22,16,10,12,13,13,17,10,13,13,13
1202.01,Estimate,798,18,0,0,0,0,0,18,0,0,0,0,0,18,18,0,0,0,780,584,274,240,70,0,196,71,50,21,0,0,125,125,0,0,0
1202.01,Margin of Error,133,29,13,13,13,13,13,29,13,13,13,13,13,29,29,13,13,13,131,110,100,86,66,13,74,54,46,30,13,13,55,55,13,13,13
1203.01,Estimate,979,28,0,0,0,0,0,28,0,0,0,0,0,28,0,28,0,0,951,669,331,288,50,0,282,81,81,0,0,0,201,125,76,0,0
1203.01,Margin of Error,228,40,19,19,19,19,19,40,19,19,19,19,19,40,19,40,19,19,228,215,177,102,63,19,158,74,74,19,19,19,135,110,95,19,19
1204,Estimate,1286,0,0,0,0,0,0,0,0,0,0,0,0,0,0,0,0,0,1286,1079,571,484,24,0,207,0,0,0,0,0,207,193,0,14,0
1204,Margin of Error,197,19,19,19,19,19,19,19,19,19,19,19,19,19,19,19,19,19,197,193,151,139,31,19,128,19,19,19,19,19,128,130,19,23,19
1205,Estimate,413,41,20,0,20,0,0,21,0,0,0,0,0,21,17,4,0,0,372,262,137,89,20,16,110,19,18,0,1,0,91,31,60,0,0
1205,Margin of Error,81,33,23,13,23,13,13,30,13,13,13,13,13,30,27,12,13,13,74,74,59,45,31,20,44,27,26,13,2,13,42,28,46,13,13
1206,Estimate,640,0,0,0,0,0,0,0,0,0,0,0,0,0,0,0,0,0,640,482,400,62,15,5,158,56,56,0,0,0,102,35,67,0,0
1206,Margin of Error,194,13,13,13,13,13,13,13,13,13,13,13,13,13,13,13,13,13,194,190,192,35,14,9,82,47,47,13,13,13,71,39,64,13,13
1207,Estimate,422,8,0,0,0,0,0,8,8,8,0,0,0,0,0,0,0,0,414,309,172,120,17,0,105,0,0,0,0,0,105,89,16,0,0
1207,Margin of Error,119,14,13,13,13,13,13,14,14,14,13,13,13,13,13,13,13,13,118,80,57,45,26,13,102,13,13,13,13,13,102,93,20,13,13
1301.01,Estimate,1386,10,10,0,10,0,0,0,0,0,0,0,0,0,0,0,0,0,1376,958,382,487,89,0,418,98,47,51,0,0,320,246,74,0,0
1301.01,Margin of Error,271,16,16,19,16,19,19,19,19,19,19,19,19,19,19,19,19,19,272,159,115,115,67,19,235,72,49,50,19,19,230,236,65,19,19
1302,Estimate,1268,37,0,0,0,0,0,37,0,0,0,0,0,37,30,7,0,0,1231,1026,478,452,96,0,205,33,33,0,0,0,172,159,13,0,0
1302,Margin of Error,151,44,13,13,13,13,13,44,13,13,13,13,13,44,41,12,13,13,154,149,131,126,45,13,90,33,33,13,13,13,92,96,15,13,13
1303,Estimate,1222,32,12,12,0,0,0,20,0,0,0,0,0,20,20,0,0,0,1190,1136,596,394,146,0,54,12,12,0,0,0,42,32,10,0,0
1303,Margin of Error,194,28,21,21,13,13,13,20,13,13,13,13,13,20,20,13,13,13,195,188,170,111,43,13,37,20,20,13,13,13,32,27,16,13,13
1304.02,Estimate,1262,17,17,0,17,0,0,0,0,0,0,0,0,0,0,0,0,0,1245,1093,435,465,193,0,152,70,35,0,35,0,82,53,14,15,0
1304.02,Margin of Error,259,26,26,19,26,19,19,19,19,19,19,19,19,19,19,19,19,19,256,243,136,232,91,19,101,80,40,19,55,19,58,44,23,24,19
1304.04,Estimate,771,62,39,29,10,0,0,23,0,0,0,0,0,23,0,23,0,0,709,600,294,234,72,0,109,46,33,13,0,0,63,33,30,0,0
1304.04,Margin of Error,97,52,36,31,17,13,13,35,13,13,13,13,13,35,13,35,13,13,100,105,103,95,38,13,60,35,28,21,13,13,45,30,31,13,13
1304.06,Estimate,1604,180,0,0,0,0,0,180,0,0,0,0,0,180,62,118,0,0,1424,696,233,300,163,0,728,202,149,53,0,0,526,345,172,9,0
1304.06,Margin of Error,328,214,19,19,19,19,19,214,19,19,19,19,19,214,96,189,19,19,253,204,138,135,98,19,272,183,177,62,19,19,228,233,152,18,19
1401.02,Estimate,1289,85,18,4,14,0,0,67,0,0,0,0,0,67,0,67,0,0,1204,794,204,345,242,3,410,73,9,27,37,0,337,62,151,116,8
1401.02,Margin of Error,215,68,23,7,22,19,19,69,19,19,19,19,19,69,19,69,19,19,218,151,80,124,83,7,183,45,13,30,33,19,171,56,87,137,14
1401.05,Estimate,899,74,0,0,0,0,0,74,0,0,0,0,0,74,43,31,0,0,825,366,100,213,42,11,459,77,43,34,0,0,382,168,214,0,0
1401.05,Margin of Error,159,61,13,13,13,13,13,61,13,13,13,13,13,61,46,38,13,13,170,97,57,81,36,18,170,59,42,41,13,13,157,92,132,13,13
1401.06,Estimate,567,119,27,27,0,0,0,92,0,0,0,0,0,92,22,37,33,0,448,199,58,110,21,10,249,79,11,68,0,0,170,87,81,2,0
1401.06,Margin of Error,85,58,25,25,13,13,13,49,13,13,13,13,13,49,25,41,32,13,87,53,41,47,17,13,84,55,13,50,13,13,80,64,51,17,13
1401.07,Estimate,717,52,7,7,0,0,0,45,0,0,0,0,0,45,8,32,5,0,665,440,161,245,24,10,225,59,0,59,0,0,166,84,78,0,4
1401.07,Margin of Error,116,37,12,12,13,13,13,34,13,13,13,13,13,34,13,30,10,13,117,94,71,85,24,17,96,47,13,47,13,13,86,61,61,13,13
1402.01,Estimate,653,43,13,5,8,0,0,30,8,0,8,0,0,22,10,0,0,12,610,493,67,366,60,0,117,22,4,8,10,0,95,60,35,0,0
1402.01,Margin of Error,193,30,16,8,13,13,13,27,11,13,11,13,13,24,14,13,13,18,196,196,44,131,90,13,52,19,7,13,13,13,49,40,36,13,13
1402.02,Estimate,1575,52,8,0,8,0,0,44,0,0,0,0,0,44,10,34,0,0,1523,918,352,433,131,2,605,83,26,57,0,0,522,228,294,0,0
1402.02,Margin of Error,169,52,13,19,13,19,19,51,19,19,19,19,19,51,16,49,19,19,169,206,133,160,86,8,144,71,31,65,19,19,127,98,125,19,19
1403,Estimate,1950,397,111,12,44,55,0,286,59,59,0,0,0,227,106,121,0,0,1553,998,243,533,119,103,555,107,90,17,0,0,448,145,303,0,0
1403,Margin of Error,375,241,98,26,72,59,19,237,98,98,19,19,19,225,167,134,19,19,396,360,201,259,122,86,282,146,141,34,19,19,215,112,191,19,19
1404,Estimate,2054,273,118,28,90,0,0,155,0,0,0,0,0,155,79,67,9,0,1781,844,334,354,116,40,937,341,48,293,0,0,596,268,306,22,0
1404,Margin of Error,263,165,115,49,106,19,19,122,19,19,19,19,19,122,77,79,31,19,273,291,178,198,109,62,300,211,66,196,19,19,247,172,161,36,19
1601.02,Estimate,733,120,37,37,0,0,0,83,28,0,28,0,0,55,30,0,0,25,613,416,124,130,134,28,197,35,0,0,35,0,162,29,133,0,0
1601.02,Margin of Error,171,88,58,58,13,13,13,71,43,13,43,13,13,60,49,13,13,41,180,174,146,89,75,25,120,61,13,13,61,13,95,36,87,13,13
1601.03,Estimate,857,304,44,0,0,44,0,260,33,0,0,0,33,227,69,36,37,85,553,364,32,181,84,67,189,121,45,76,0,0,68,0,68,0,0
1601.03,Margin of Error,175,120,73,19,19,73,19,129,47,19,19,19,47,130,72,44,57,95,171,168,37,140,90,65,111,97,33,96,19,19,65,19,65,19,19
1602,Estimate,767,141,113,44,36,33,0,28,8,8,0,0,0,20,0,0,0,20,626,338,27,233,61,17,288,84,42,42,0,0,204,68,136,0,0
1602,Margin of Error,169,78,75,50,36,40,13,36,15,15,13,13,13,30,13,13,13,30,163,149,25,118,54,25,120,69,54,48,13,13,117,65,95,13,13
1603,Estimate,375,51,13,5,8,0,0,38,0,0,0,0,0,38,7,31,0,0,324,298,230,68,0,0,26,0,0,0,0,0,26,26,0,0,0
1603,Margin of Error,91,46,18,10,15,13,13,42,13,13,13,13,13,42,12,40,13,13,96,95,90,47,13,13,23,13,13,13,13,13,23,23,13,13,13
1604,Estimate,567,72,18,0,18,0,0,54,0,0,0,0,0,54,0,30,0,24,495,350,214,83,53,0,145,34,17,17,0,0,111,14,97,0,0
1604,Margin of Error,98,59,27,13,27,13,13,52,13,13,13,13,13,52,13,40,13,34,96,96,92,54,59,13,70,40,30,25,13,13,63,18,61,13,13
1605.01,Estimate,1234,79,22,0,22,0,0,57,19,0,0,19,0,38,23,3,12,0,1155,699,205,193,263,38,456,228,114,104,0,10,228,78,52,98,0
1605.01,Margin of Error,210,65,37,19,37,19,19,55,33,19,19,33,19,40,34,11,19,19,203,158,132,97,92,51,166,111,76,79,19,15,136,45,55,124,19
1605.02,Estimate,1006,329,111,0,51,60,0,218,54,27,27,0,0,164,59,92,0,13,677,478,82,297,99,0,199,6,0,6,0,0,193,48,145,0,0
1605.02,Margin of Error,172,134,88,19,72,56,19,94,59,43,37,19,19,71,60,63,19,21,160,113,55,108,52,19,127,11,19,11,19,19,127,54,111,19,19
1606.01,Estimate,893,52,9,0,0,9,0,43,12,12,0,0,0,31,0,31,0,0,841,499,172,140,104,83,342,104,33,28,43,0,238,120,63,55,0
1606.01,Margin of Error,155,52,14,19,19,14,19,52,19,19,19,19,19,48,19,48,19,19,157,150,82,74,70,105,132,69,37,31,58,19,115,71,45,82,19
1606.02,Estimate,1038,200,95,4,26,65,0,105,18,18,0,0,0,87,87,0,0,0,838,620,93,356,153,18,218,69,35,8,0,26,149,25,90,0,34
1606.02,Margin of Error,151,86,55,6,31,49,19,63,30,30,19,19,19,66,66,19,19,19,173,153,57,129,86,22,100,50,33,14,19,36,88,37,69,19,49
1701.01,Estimate,914,32,0,0,0,0,0,32,0,0,0,0,0,32,0,32,0,0,882,612,163,414,35,0,270,204,95,109,0,0,66,30,16,20,0
1701.01,Margin of Error,175,50,13,13,13,13,13,50,13,13,13,13,13,50,13,50,13,13,182,164,123,133,35,13,144,141,81,119,13,13,59,39,22,34,13
1701.02,Estimate,1142,32,32,32,0,0,0,0,0,0,0,0,0,0,0,0,0,0,1110,843,356,371,104,12,267,174,122,0,0,52,93,40,37,16,0
1701.02,Margin of Error,258,56,56,56,19,19,19,19,19,19,19,19,19,19,19,19,19,19,256,233,190,179,98,26,144,126,134,19,19,56,67,41,46,31,19
1702,Estimate,1104,192,66,34,15,17,0,126,0,0,0,0,0,126,45,81,0,0,912,556,126,317,86,27,356,128,55,73,0,0,228,121,102,5,0
1702,Margin of Error,174,112,53,36,24,30,13,99,13,13,13,13,13,99,39,88,13,13,165,145,101,120,59,41,125,90,62,64,13,13,92,72,54,8,13
1703.01,Estimate,1768,134,0,0,0,0,0,134,84,84,0,0,0,50,0,50,0,0,1634,1145,311,760,34,40,489,211,53,137,0,21,278,78,92,108,0
1703.01,Margin of Error,384,145,19,19,19,19,19,145,131,131,19,19,19,65,19,65,19,19,362,376,129,368,41,56,169,100,69,61,19,33,166,83,112,124,19
1703.02,Estimate,840,181,62,0,62,0,0,119,0,0,0,0,0,119,101,18,0,0,659,547,140,322,85,0,112,95,55,40,0,0,17,17,0,0,0
1703.02,Margin of Error,213,173,77,13,77,13,13,151,13,13,13,13,13,151,150,32,13,13,207,182,84,171,45,13,96,88,73,55,13,13,38,38,13,13,13
1704,Estimate,1189,86,86,12,20,54,0,0,0,0,0,0,0,0,0,0,0,0,1103,767,247,357,146,17,336,121,55,0,66,0,215,165,50,0,0
1704,Margin of Error,182,68,68,21,30,60,19,19,19,19,19,19,19,19,19,19,19,19,190,165,109,116,90,31,147,95,57,19,76,19,126,115,47,19,19
1705.02,Estimate,644,95,39,0,39,0,0,56,0,0,0,0,0,56,42,0,14,0,549,387,207,170,10,0,162,40,11,29,0,0,122,69,11,31,11
1705.02,Margin of Error,180,89,60,13,60,13,13,69,13,13,13,13,13,69,65,13,23,13,158,146,86,113,13,13,71,38,17,33,13,13,66,39,18,46,17
1705.03,Estimate,380,61,15,9,6,0,0,46,0,0,0,0,0,46,26,20,0,0,319,170,107,49,11,3,149,34,34,0,0,0,115,72,0,43,0
1705.03,Margin of Error,80,61,48,15,46,13,13,54,13,13,13,13,13,54,44,32,13,13,95,87,67,58,18,11,117,53,53,13,13,13,96,76,13,34,13
1705.04,Estimate,585,12,0,0,0,0,0,12,0,0,0,0,0,12,12,0,0,0,573,485,244,137,59,45,88,64,41,12,11,0,24,11,13,0,0
1705.04,Margin of Error,163,18,13,13,13,13,13,18,13,13,13,13,13,18,18,13,13,13,161,152,85,97,63,73,72,66,55,24,17,13,29,17,23,13,13
1706.01,Estimate,1373,46,17,17,0,0,0,29,0,0,0,0,0,29,18,11,0,0,1327,870,194,401,259,16,457,85,17,68,0,0,372,45,185,142,0
1706.01,Margin of Error,158,33,17,17,19,19,19,27,19,19,19,19,19,27,20,16,19,19,157,201,84,145,146,25,149,63,24,58,19,19,147,35,101,98,19
1707.01,Estimate,501,67,9,0,9,0,0,58,10,10,0,0,0,48,37,11,0,0,434,360,133,152,69,6,74,17,17,0,0,0,57,5,52,0,0
1707.01,Margin of Error,119,49,19,13,19,13,13,47,14,14,13,13,13,46,42,18,13,13,111,113,65,76,58,10,43,18,18,13,13,13,43,9,42,13,13
1707.02,Estimate,1443,386,123,66,57,0,0,263,147,0,147,0,0,116,49,67,0,0,1057,751,317,260,174,0,306,83,83,0,0,0,223,119,104,0,0
1707.02,Margin of Error,311,227,104,65,85,19,19,204,194,19,194,19,19,113,78,80,19,19,232,210,181,161,83,19,138,106,106,19,19,19,105,86,87,19,19
1708,Estimate,1565,256,55,14,41,0,0,201,45,45,0,0,0,156,156,0,0,0,1309,917,415,400,85,17,392,92,46,46,0,0,300,106,141,53,0
1708,Margin of Error,243,175,52,25,47,19,19,171,73,73,19,19,19,148,148,19,19,19,219,221,165,158,80,28,159,73,55,53,19,19,166,81,153,65,19
1801.01,Estimate,1292,75,13,13,0,0,0,62,56,0,56,0,0,6,6,0,0,0,1217,901,438,385,78,0,316,114,17,97,0,0,202,63,139,0,0
1801.01,Margin of Error,257,88,22,22,19,19,19,87,86,19,86,19,19,10,10,19,19,19,254,215,166,160,46,19,169,106,26,103,19,19,142,75,141,19,19
1802,Estimate,1073,102,39,0,39,0,0,63,63,11,52,0,0,0,0,0,0,0,971,709,231,349,129,0,262,63,22,0,41,0,199,119,80,0,0
1802,Margin of Error,138,91,62,13,62,13,13,64,64,17,64,13,13,13,13,13,13,13,131,129,93,91,85,13,103,47,24,13,39,13,92,69,66,13,13
1803.01,Estimate,758,28,28,7,21,0,0,0,0,0,0,0,0,0,0,0,0,0,730,613,271,250,89,3,117,24,0,24,0,0,93,72,11,10,0
1803.01,Margin of Error,113,33,33,12,31,13,13,13,13,13,13,13,13,13,13,13,13,13,115,131,91,83,56,9,59,29,13,29,13,13,60,51,18,16,13
1804,Estimate,422,0,0,0,0,0,0,0,0,0,0,0,0,0,0,0,0,0,422,302,150,114,38,0,120,0,0,0,0,0,120,46,74,0,0
1804,Margin of Error,87,13,13,13,13,13,13,13,13,13,13,13,13,13,13,13,13,13,87,81,69,45,23,13,61,13,13,13,13,13,61,42,45,13,13
1805,Estimate,1018,39,12,0,5,0,7,27,17,17,0,0,0,10,0,10,0,0,979,629,281,267,81,0,350,146,146,0,0,0,204,97,107,0,0
1805,Margin of Error,136,35,15,13,9,13,12,31,27,27,13,13,13,16,13,16,13,13,137,133,82,106,42,13,123,96,96,13,13,13,94,67,62,13,13
9801.01,Estimate,0,0,0,0,0,0,0,0,0,0,0,0,0,0,0,0,0,0,0,0,0,0,0,0,0,0,0,0,0,0,0,0,0,0,0
9801.01,Margin of Error,13,13,13,13,13,13,13,13,13,13,13,13,13,13,13,13,13,13,13,13,13,13,13,13,13,13,13,13,13,13,13,13,13,13,13
9803,Estimate,0,0,0,0,0,0,0,0,0,0,0,0,0,0,0,0,0,0,0,0,0,0,0,0,0,0,0,0,0,0,0,0,0,0,0
9803,Margin of Error,13,13,13,13,13,13,13,13,13,13,13,13,13,13,13,13,13,13,13,13,13,13,13,13,13,13,13,13,13,13,13,13,13,13,13
9807,Estimate,0,0,0,0,0,0,0,0,0,0,0,0,0,0,0,0,0,0,0,0,0,0,0,0,0,0,0,0,0,0,0,0,0,0,0
9807,Margin of Error,13,13,13,13,13,13,13,13,13,13,13,13,13,13,13,13,13,13,13,13,13,13,13,13,13,13,13,13,13,13,13,13,13,13,13
9809,Estimate,0,0,0,0,0,0,0,0,0,0,0,0,0,0,0,0,0,0,0,0,0,0,0,0,0,0,0,0,0,0,0,0,0,0,0
9809,Margin of Error,13,13,13,13,13,13,13,13,13,13,13,13,13,13,13,13,13,13,13,13,13,13,13,13,13,13,13,13,13,13,13,13,13,13,13
9810,Estimate,0,0,0,0,0,0,0,0,0,0,0,0,0,0,0,0,0,0,0,0,0,0,0,0,0,0,0,0,0,0,0,0,0,0,0
9810,Margin of Error,13,13,13,13,13,13,13,13,13,13,13,13,13,13,13,13,13,13,13,13,13,13,13,13,13,13,13,13,13,13,13,13,13,13,13
9811,Estimate,0,0,0,0,0,0,0,0,0,0,0,0,0,0,0,0,0,0,0,0,0,0,0,0,0,0,0,0,0,0,0,0,0,0,0
9811,Margin of Error,13,13,13,13,13,13,13,13,13,13,13,13,13,13,13,13,13,13,13,13,13,13,13,13,13,13,13,13,13,13,13,13,13,13,13
9812.01,Estimate,0,0,0,0,0,0,0,0,0,0,0,0,0,0,0,0,0,0,0,0,0,0,0,0,0,0,0,0,0,0,0,0,0,0,0
9812.01,Margin of Error,13,13,13,13,13,13,13,13,13,13,13,13,13,13,13,13,13,13,13,13,13,13,13,13,13,13,13,13,13,13,13,13,13,13,13
9812.02,Estimate,0,0,0,0,0,0,0,0,0,0,0,0,0,0,0,0,0,0,0,0,0,0,0,0,0,0,0,0,0,0,0,0,0,0,0
9812.02,Margin of Error,13,13,13,13,13,13,13,13,13,13,13,13,13,13,13,13,13,13,13,13,13,13,13,13,13,13,13,13,13,13,13,13,13,13,13
9813,Estimate,0,0,0,0,0,0,0,0,0,0,0,0,0,0,0,0,0,0,0,0,0,0,0,0,0,0,0,0,0,0,0,0,0,0,0
9813,Margin of Error,13,13,13,13,13,13,13,13,13,13,13,13,13,13,13,13,13,13,13,13,13,13,13,13,13,13,13,13,13,13,13,13,13,13,13
9815.01,Estimate,0,0,0,0,0,0,0,0,0,0,0,0,0,0,0,0,0,0,0,0,0,0,0,0,0,0,0,0,0,0,0,0,0,0,0
9815.01,Margin of Error,13,13,13,13,13,13,13,13,13,13,13,13,13,13,13,13,13,13,13,13,13,13,13,13,13,13,13,13,13,13,13,13,13,13,13
9815.02,Estimate,0,0,0,0,0,0,0,0,0,0,0,0,0,0,0,0,0,0,0,0,0,0,0,0,0,0,0,0,0,0,0,0,0,0,0
9815.02,Margin of Error,13,13,13,13,13,13,13,13,13,13,13,13,13,13,13,13,13,13,13,13,13,13,13,13,13,13,13,13,13,13,13,13,13,13,13
9816,Estimate,0,0,0,0,0,0,0,0,0,0,0,0,0,0,0,0,0,0,0,0,0,0,0,0,0,0,0,0,0,0,0,0,0,0,0
9816,Margin of Error,13,13,13,13,13,13,13,13,13,13,13,13,13,13,13,13,13,13,13,13,13,13,13,13,13,13,13,13,13,13,13,13,13,13,13
9817,Estimate,0,0,0,0,0,0,0,0,0,0,0,0,0,0,0,0,0,0,0,0,0,0,0,0,0,0,0,0,0,0,0,0,0,0,0
9817,Margin of Error,13,13,13,13,13,13,13,13,13,13,13,13,13,13,13,13,13,13,13,13,13,13,13,13,13,13,13,13,13,13,13,13,13,13,13
9818,Estimate,17,0,0,0,0,0,0,0,0,0,0,0,0,0,0,0,0,0,17,5,5,0,0,0,12,0,0,0,0,0,12,12,0,0,0
9818,Margin of Error,19,13,13,13,13,13,13,13,13,13,13,13,13,13,13,13,13,13,19,7,7,13,13,13,18,13,13,13,13,13,18,18,13,13,13
9819,Estimate,0,0,0,0,0,0,0,0,0,0,0,0,0,0,0,0,0,0,0,0,0,0,0,0,0,0,0,0,0,0,0,0,0,0,0
9819,Margin of Error,13,13,13,13,13,13,13,13,13,13,13,13,13,13,13,13,13,13,13,13,13,13,13,13,13,13,13,13,13,13,13,13,13,13,13
9901.01,Estimate,0,0,0,0,0,0,0,0,0,0,0,0,0,0,0,0,0,0,0,0,0,0,0,0,0,0,0,0,0,0,0,0,0,0,0
9901.01,Margin of Error,13,13,13,13,13,13,13,13,13,13,13,13,13,13,13,13,13,13,13,13,13,13,13,13,13,13,13,13,13,13,13,13,13,13,13
